{
  "$id": "https://github.com/ymenard-dev/yaes/blob/main/src/schemas/config.schema.json",
  "title": "Config",
  "description": "Object containing config details",
  "type": "object",
  "properties": {
    "version": {
      "type": "string"
    },
    "projects": {
      "type": "array",
      "default": [
        {
          "id": 0,
          "name": "Google"
        },
        {
          "id": 1,
          "name": "Yahoo"
        }
      ],
      "items": {
        "$ref": "#/definitions/project"
      }
    },
    "envs": {
      "type": "array",
      "default": [
        {
          "shortName": "FR",
          "url": "https://www.google.fr/",
          "displayRibbon": true,
          "ribbonOptions": {
            "backgroundColor": "#2519c7",
            "color": "pink",
            "type": "corner-ribbon"
          },
          "displayBadge": true,
          "badgeOptions": {
            "backgroundColor": "#154785"
          }
        },
        {
          "name": "ES",
          "url": "https://www.google.es/",
          "displayRibbon": false
        },
        {
          "shortName": "DE",
          "name": "Germany",
          "url": "https://www.google.de/",
          "displayRibbon": true,
          "ribbonOptions": {
            "backgroundColor": "#1fab19"
          },
          "displayBadge": false
        }
      ],
      "items": {
        "$ref": "#/definitions/env"
      }
    },
    "options": {
      "type": "object",
      "description": "Global options",
      "default": {
        "displayRibbon": true,
        "ribbonOptions": {
          "type": "corner-ribbon",
          "color": "white",
          "backgroundColor": "#2f2f2f",
          "position": "right"
        },
        "displayBadge": true,
        "badgeOptions": {
          "backgroundColor": "#2677c9"
        },
        "displayDomain": true,
        "displayHeader": true,
        "displayFooter": true,
        "displaySeeProjectsLink": true
      },
      "anyOf": [
        {
          "$ref": "#/definitions/options"
        }
      ]
    }
  },
  "definitions": {
    "project": {
      "type": "object",
      "default": {},
      "properties": {
        "id": {
          "anyOf": [
            { "type": "number" },
            { "type": "string" }
          ]
        },
        "name": {
          "type": "string"
        },
        "envs": {
          "type": "array",
          "items": {
            "anyOf": [
              { "type": "number" },
              { "type": "string" }
            ]
          }
        }
      },
      "required": [
        "id",
        "name",
        "envs"
      ]
    },
    "options": {
      "type": "object",
      "description": "Object containing global options",
      "default": {},
      "properties": {
        "displayRibbon": {
          "type": "boolean",
          "default": true
        },
        "ribbonOptions": {
          "$ref": "#/definitions/ribbon"
        },
        "displayBadge": {
          "type": "boolean",
          "default": true
        },
        "badgeOptions": {
          "$ref": "#/definitions/badge"
        },
        "displayDomain": {
          "type": "boolean",
          "default": true
        },
        "displayHeader": {
          "type": "boolean",
          "default": true
        },
        "displayFooter": {
          "type": "boolean",
          "default": true
        },
        "displaySeeProjectsLink": {
          "type": "boolean",
          "default": true
        },
        "colorScheme": {
          "type": "string",
          "enum": [
            "dark",
            "light",
            "system"
          ]
        },
        "allowBugTrackerReporting": {
          "type": "boolean",
          "default": true
        },
        "pingUrl": {
          "type": "boolean",
          "default": false
        },
        "import": {
          "$ref": "#/definitions/import"
        },
        "displayStyle": {
          "type": "string",
          "enum": [
            "list",
            "grid"
          ]
        },
        "switchEnvBetweenProjects": {
          "type": "boolean",
          "default": true
        }
      },
      "additionalProperties": false
    },
    "env": {
      "type": "object",
      "properties": {
        "id": {
          "anyOf": [
            { "type": "number" },
            { "type": "string" }
          ]
        },
        "displayRibbon": {
          "type": "boolean",
          "default": true
        },
        "ribbonOptions": {
          "$ref": "#/definitions/ribbon"
        },
        "displayBadge": {
          "type": "boolean",
          "default": true
        },
        "badgeOptions": {
          "$ref": "#/definitions/badge"
        },
        "displayDomain": {
          "type": "boolean",
          "default": true
        },
        "shortName": {
          "type": "string",
          "minLength": 1,
          "maxLength": 4
        },
        "name": {
          "type": "string",
          "minLength": 1
        },
        "url": {
          "type": "string",
          "format": "uri",
          "pattern": "^(?:(?:https?|ftp):\\/\\/)(?:\\S+(?::\\S*)?@)?(?:(?!(?:10|127)(?:\\.\\d{1,3}){3})(?!(?:169\\.254|192\\.168)(?:\\.\\d{1,3}){2})(?!172\\.(?:1[6-9]|2\\d|3[0-1])(?:\\.\\d{1,3}){2})(?:[1-9]\\d?|1\\d\\d|2[01]\\d|22[0-3])(?:\\.(?:1?\\d{1,2}|2[0-4]\\d|25[0-5])){2}(?:\\.(?:[1-9]\\d?|1\\d\\d|2[0-4]\\d|25[0-4]))|(?:(?:[a-zA-Z\\u00a1-\\uffff0-9]-*)*[a-zA-Z\\u00a1-\\uffff0-9]+)(?:\\.(?:[a-zA-Z\\u00a1-\\uffff0-9]-*)*[a-zA-Z\\u00a1-\\uffff0-9]+)*(?:\\.(?:[a-zA-Z\\u00a1-\\uffff]{2,})))(?::\\d{2,5})?(?:[/?#]\\S*)?$"
        },
        "appendUrlParams": {
          "type": "string",
          "pattern": "^([^=&]+=[^=&]+)(&[^=&]+=[^=&]+)*$",
          "description": "Append url parameters"
        },
        "removeUrlParams": {
          "type": "string",
          "pattern": "^[^,]+(,[^,]+)*$",
          "description": "Remove url parameters"
        },
        "pingUrl": {
          "type": "boolean",
          "default": false
        }
      },
      "anyOf": [
        {
          "required": [
            "shortName"
          ]
        },
        {
          "required": [
            "name"
          ]
        }
      ],
      "required": [
        "id",
        "url"
      ],
      "additionalProperties": false
    },
    "badge": {
      "type": "object",
      "properties": {
        "backgroundColor": {
          "type": "string",
          "default": "#2677c9"
        }
      },
      "additionalProperties": false
    },
    "ribbon": {
      "type": "object",
      "properties": {
        "type": {
          "type": "string",
          "enum": [
            "corner-ribbon",
            "square-ribbon"
          ],
          "default": "corner-ribbon"
        },
        "color": {
          "type": "string",
          "default": "white"
        },
        "backgroundColor": {
          "type": "string",
          "default": "#2f2f2f"
        },
        "position": {
          "type": "string",
          "enum": [
            "left",
            "right"
          ],
          "default": "right"
        }
      },
      "additionalProperties": false
    },
    "import": {
      "type": "object",
      "properties": {
        "sync": {
          "type": "boolean",
          "default": false
        },
        "mergeOptionsMode": {
          "type": "string",
          "default": ""
        },
        "url": {
          "type": "string",
          "default": ""
        }
      },
      "additionalProperties": false
    },
    "boolean": {
      "type": "boolean"
    }
  },
  "required": [
    "version",
    "projects",
    "envs",
    "options"
  ],
  "additionalProperties": false
}
