{
  "$id": "https://github.com/ymenard-dev/yaes/blob/main/src/schemas/config.schema.json",
  "title": "Config",
  "description": "Object containing config details",
  "type": "object",
  "properties": {
    "version": {
      "type": "string"
    },
    "projects": {
      "type": "array",
      "default": [
        {
          "id": 0,
          "name": "Google"
        },
        {
          "id": 1,
          "name": "Yahoo"
        }
      ],
      "items": {
        "$ref": "#/definitions/project"
      }
    },
    "envs": {
      "type": "array",
      "default": [
        {
          "shortName": "FR",
          "url": "https://www.google.fr/",
          "displayRibbon": true,
          "ribbonOptions": {
            "backgroundColor": "#2519c7",
            "color": "pink",
            "type": "corner-ribbon"
          },
          "displayBadge": true,
          "badgeOptions": {
            "backgroundColor": "#154785"
          }
        },
        {
          "name": "ES",
          "url": "https://www.google.es/",
          "displayRibbon": false
        },
        {
          "shortName": "DE",
          "name": "Germany",
          "url": "https://www.google.de/",
          "displayRibbon": true,
          "ribbonOptions": {
            "backgroundColor": "#1fab19"
          },
          "displayBadge": false
        }
      ],
      "items": {
        "$ref": "#/definitions/env"
      }
    },
    "options": {
      "type": "object",
      "description": "Global options",
      "default": {
        "displayRibbon": true,
        "ribbonOptions": {
          "type": "corner-ribbon",
          "color": "white",
          "backgroundColor": "#2f2f2f",
          "position": "right"
        },
        "displayBadge": true,
        "badgeOptions": {
          "backgroundColor": "#2677c9"
        },
        "displayDomain": true,
        "displayHeader": true,
        "displayFooter": true,
        "displaySeeProjectsLink": true
      },
      "anyOf": [
        {
          "$ref": "#/definitions/options"
        }
      ]
    }
  },
  "definitions": {
    "project": {
      "type": "object",
      "default": {},
      "properties": {
        "id": {
          "type": "number"
        },
        "name": {
          "type": "string"
        },
        "envs": {
          "type": "array",
          "items": {
            "type": "number"
          }
        }
      },
      "required": [
        "id",
        "name",
        "envs"
      ]
    },
    "options": {
      "type": "object",
      "description": "Object containing global options",
      "default": {},
      "properties": {
        "displayRibbon": {
          "type": "boolean",
          "default": true
        },
        "ribbonOptions": {
          "$ref": "#/definitions/ribbon"
        },
        "displayBadge": {
          "type": "boolean",
          "default": true
        },
        "badgeOptions": {
          "$ref": "#/definitions/badge"
        },
        "displayDomain": {
          "type": "boolean",
          "default": true
        },
        "displayHeader": {
          "type": "boolean",
          "default": true
        },
        "displayFooter": {
          "type": "boolean",
          "default": true
        },
        "displaySeeProjectsLink": {
          "type": "boolean",
          "default": true
        }
      },
      "additionalProperties": false
    },
    "env": {
      "type": "object",
      "properties": {
        "id": {
          "type": "number"
        },
        "displayRibbon": {
          "type": "boolean",
          "default": true
        },
        "ribbonOptions": {
          "$ref": "#/definitions/ribbon"
        },
        "displayBadge": {
          "type": "boolean",
          "default": true
        },
        "badgeOptions": {
          "$ref": "#/definitions/badge"
        },
        "displayDomain": {
          "type": "boolean",
          "default": true
        },
        "shortName": {
          "type": "string",
          "minLength": 1,
          "maxLength": 4
        },
        "name": {
          "type": "string",
          "minLength": 1
        },
        "url": {
          "type": "string",
          "format": "uri",
          "pattern": "^(https?|wss?|ftp)://"
        }
      },
      "anyOf": [
        {
          "required": [
            "shortName"
          ]
        },
        {
          "required": [
            "name"
          ]
        }
      ],
      "required": [
        "id",
        "url"
      ],
      "additionalProperties": false
    },
    "badge": {
      "type": "object",
      "properties": {
        "backgroundColor": {
          "type": "string",
          "default": "#2677c9"
        }
      },
      "additionalProperties": false
    },
    "ribbon": {
      "type": "object",
      "properties": {
        "type": {
          "type": "string",
          "enum": [
            "corner-ribbon",
            "square-ribbon"
          ],
          "default": "corner-ribbon"
        },
        "color": {
          "type": "string",
          "default": "white"
        },
        "backgroundColor": {
          "type": "string",
          "default": "#2f2f2f"
        },
        "position": {
          "type": "string",
          "enum": [
            "left",
            "right"
          ],
          "default": "right"
        }
      },
      "additionalProperties": false
    },
    "boolean": {
      "type": "boolean"
    }
  },
  "required": [
    "version",
    "projects",
    "envs",
    "options"
  ],
  "additionalProperties": false
}
